id_os,cliente,servico,valor,data_os
1,João,Troca de Óleo,120,2026-01-05
2,Maria,Alinhamento,80,2026-01-05
3,João,Freio,350,2026-01-06
4,Carlos,Troca de Óleo,120,2026-01-06
5,Maria,Freio,300,2026-01-08
6,Ana,Revisão,500,2026-01-08
7,João,Revisão,500,2026-01-10
8,Carlos,Alinhamento,80,2026-01-10
9,Ana,Freio,320,2026-01-12
10,Maria,Revisão,500,2026-01-12
11,Pedro,Bateria,450,2026-01-12
12,Ana,Troca de Óleo,120,2026-01-15